{
  "sunRise": "5:57",
  "sunTransit": "12:01",
  "sunSet": "18:04",
  "moonRise": "28:44",
  "moonTransit": "10:14",
  "moonUnder": "22:37",
  "moonSet": "16:30",
  "moonPhase": "Waning Crescent",
  "moonIllumination": 0.0244654925290118,
  "sunRiseDec": 5.95,
  "sunTransitDec": 12.0166666666667,
  "sunSetDec": 18.0666666666667,
  "moonRiseDec": 28.7333333333333,
  "moonSetDec": 16.5,
  "moonTransitDec": 10.2333333333333,
  "moonUnderDec": 22.6166666666667,
  "minor1StartDec": 28.2333333333333,
  "minor1Start": "28:14",
  "minor1StopDec": 29.2333333333333,
  "minor1Stop": "29:14",
  "minor2StartDec": 16,
  "minor2Start": "16:00",
  "minor2StopDec": 17,
  "minor2Stop": "17:00",
  "major1StartDec": 9.23333333333333,
  "major1Start": "09:14",
  "major1StopDec": 11.2333333333333,
  "major1Stop": "11:14",
  "major2StartDec": 21.6166666666667,
  "major2Start": "21:37",
  "major2StopDec": 23.6166666666667,
  "major2Stop": "23:37",
  "dayRating": 2,
  "hourlyRating": {
    "0": 40,
    "1": 40,
    "2": 40,
    "3": 40,
    "4": 40,
    "5": 60,
    "6": 60,
    "7": 40,
    "8": 40,
    "9": 60,
    "10": 60,
    "11": 60,
    "12": 60,
    "13": 40,
    "14": 40,
    "15": 40,
    "16": 60,
    "17": 60,
    "18": 60,
    "19": 60,
    "20": 40,
    "21": 60,
    "22": 60,
    "23": 60
  }
}
